diff golden [PRETTIFIED] actual [PRETTIFIED]
--- golden [PRETTIFIED]
+++ actual [PRETTIFIED]
@@ -14,7 +14,7 @@
     <field name="collection_unitid_ssm">PR 84</field>
     <field name="level_sim">item</field>
     <field name="unittitle_ssm">Weeks, Clarence G.Weiman, RitaWeir, Julian AldenWelldon, SamuelWelling, Richard Ward GreeneWheeler, BertWheeler, JosephWhite, HoraceWhite, Lawrence GrantWhite, William A.Whitman, Charles SeymourWhitney, CasparWhitney, Cornelius VanderbiltWhitney, John Hay</field>
-    <field name="unittitle_teim">Weeks, Clarence G.Weiman, RitaWeir, Julian AldenWelldon, SamuelWelling, Richard Ward GreeneWheeler, BertWheeler, JosephWhite, HoraceWhite, Lawrence GrantWhite, William A.Whitman, Charles SeymourWhitney, CasparWhitney, Cornelius VanderbiltWhitney, John Hay</field>
+    <field name="unittitle_teim">Weeks, Clarence G. Weiman, Rita Weir, Julian Alden Welldon, Samuel Welling, Richard Ward Greene Wheeler, Bert Wheeler, Joseph White, Horace White, Lawrence Grant White, William A. Whitman, Charles Seymour Whitney, Caspar Whitney, Cornelius Vanderbilt Whitney, John Hay</field>
     <field name="ref_ssi">aspace_ref116_ovd</field>
     <field name="repository_ssi">nyhs</field>
     <field name="repository_sim">nyhs</field>
@@ -27,7 +27,7 @@
     <field name="collection_unitid_teim">PR 84</field>
     <field name="series_sim">Series I: Individual and Family Portraits</field>
     <field name="series_si">Series I: Individual and Family Portraits &gt;&gt; Weeks, Clarence G.Weiman, RitaWeir, Julian AldenWelldon, SamuelWelling, Richard Ward GreeneWheeler, BertWheeler, JosephWhite, HoraceWhite, Lawrence GrantWhite, William A.Whitman, Charles SeymourWhitney, CasparWhitney, Cornelius VanderbiltWhitney, John Hay</field>
-    <field name="heading_ssm">Weeks, Clarence G.Weiman, RitaWeir, Julian AldenWelldon, SamuelWelling, Richard Ward GreeneWheeler, BertWheeler, JosephWhite, HoraceWhite, Lawrence GrantWhite, William A.Whitman, Charles SeymourWhitney, CasparWhitney, Cornelius VanderbiltWhitney, John Hay</field>
+    <field name="heading_ssm">Weeks, Clarence G. Weiman, Rita Weir, Julian Alden Welldon, Samuel Welling, Richard Ward Greene Wheeler, Bert Wheeler, Joseph White, Horace White, Lawrence Grant White, William A. Whitman, Charles Seymour Whitney, Caspar Whitney, Cornelius Vanderbilt Whitney, John Hay</field>
     <field name="date_range_sim">undated &amp; other</field>
     <field name="sort_ii">84</field>
   </doc>
