diff golden [PRETTIFIED] actual [PRETTIFIED]
--- golden [PRETTIFIED]
+++ actual [PRETTIFIED]
@@ -14,7 +14,7 @@
     <field name="collection_unitid_ssm">PR 84</field>
     <field name="level_sim">item</field>
     <field name="unittitle_ssm">Abbott, GeorgeAbbott, LymanAdamic, LouisAdams, MaudeAitken, John WilliamAldrich, Winthrop WilliamsAlexander, DouglasAlexander, John WhiteAltman, BenjaminAndrews, Avery DelanoAndrews, Roy ChapmanAngell, James A.Appleton, Daniel</field>
-    <field name="unittitle_teim">Abbott, GeorgeAbbott, LymanAdamic, LouisAdams, MaudeAitken, John WilliamAldrich, Winthrop WilliamsAlexander, DouglasAlexander, John WhiteAltman, BenjaminAndrews, Avery DelanoAndrews, Roy ChapmanAngell, James A.Appleton, Daniel</field>
+    <field name="unittitle_teim">Abbott, George Abbott, Lyman Adamic, Louis Adams, Maude Aitken, John William Aldrich, Winthrop Williams Alexander, Douglas Alexander, John White Altman, Benjamin Andrews, Avery Delano Andrews, Roy Chapman Angell, James A. Appleton, Daniel</field>
     <field name="ref_ssi">aspace_ref16_7ti</field>
     <field name="repository_ssi">nyhs</field>
     <field name="repository_sim">nyhs</field>
@@ -27,7 +27,7 @@
     <field name="collection_unitid_teim">PR 84</field>
     <field name="series_sim">Series I: Individual and Family Portraits</field>
     <field name="series_si">Series I: Individual and Family Portraits &gt;&gt; Abbott, GeorgeAbbott, LymanAdamic, LouisAdams, MaudeAitken, John WilliamAldrich, Winthrop WilliamsAlexander, DouglasAlexander, John WhiteAltman, BenjaminAndrews, Avery DelanoAndrews, Roy ChapmanAngell, James A.Appleton, Daniel</field>
-    <field name="heading_ssm">Abbott, GeorgeAbbott, LymanAdamic, LouisAdams, MaudeAitken, John WilliamAldrich, Winthrop WilliamsAlexander, DouglasAlexander, John WhiteAltman, BenjaminAndrews, Avery DelanoAndrews, Roy ChapmanAngell, James A.Appleton, Daniel</field>
+    <field name="heading_ssm">Abbott, George Abbott, Lyman Adamic, Louis Adams, Maude Aitken, John William Aldrich, Winthrop Williams Alexander, Douglas Alexander, John White Altman, Benjamin Andrews, Avery Delano Andrews, Roy Chapman Angell, James A. Appleton, Daniel</field>
     <field name="date_range_sim">undated &amp; other</field>
     <field name="sort_ii">2</field>
   </doc>
